ISBNCode,Title,Author,Price,Publisher
1,AAAx ss,AAAAA,150,AAP
2,ABAx lk,AABAA,160,BAP
3,ACAx sl,AACAA,170,CAP
4,ADA,AADAA,180,DAP
5,AEA,AAEAA,190,EAP
6,AFA,AAFAA,200,FAP
7,AGA,AAGAA,210,GAP
8,AHA,AAHAA,220,HAP
9,AIA,AAIAA,230,IAP
10,AJA,AAJAA,240,JAP
11,AKA,AAKAA,250,KAP
12,ALA,AALAA,260,LAP
13,AMA,AAMAA,270,MAP
14,ANA,AANAA,280,NAP
15,AOA,AAOAA,290,OAP
16,APA,AAPAA,300,PAP
17,AQA,AAQAA,310,QAP
18,ARA,AARAA,320,RAP
19,ASA,AASAA,330,SAP
20,T,TA,340,TAP
21,U,UA,350,UAP
22,V,VA,360,VAP
23,W,WA,370,WAP
